File Name,File Size,Created Date,File Type,Download Link
1.PTR_Netajee_HariBhajan.pdf,137.4KB,22 Apr 25,PDF,https://downloader.disk.yandex.ru/disk/e1a39ac06c9b157bcbd71d04efbbbaacb47747c4b6051ec3df564ba43e6d7955/6a951fb0/hDhpBaxhocr6Dbg5IBj20aXRJA528Km78GcAOq4RJBudVDoLY0XtHKfTS1DKQ2P0evsi4xwXsTAnR2uSAzRHTA%3D%3D?uid=1555067240&filename=1.PTR_Netajee_HariBhajan.pdf&disposition=attachment&hash=&limit=0&content_type=application%2Fpdf&owner_uid=1555067240&fsize=140706&hid=f9d05be3fc4029a955ae1cd155fda69a&media_type=document&tknv=v3&is_direct_zip_experiment=1&etag=54a778333ef7f20b8d12b87c754aa551
10. 1171_DROPOUTS.pdf,40.9KB,08 May 25,PDF,https://downloader.disk.yandex.ru/disk/9b8a567436da2c38d17c199460996b6c3b9c18241e4e8e4a6a1f756d8deff1d4/6a951fb0/hDhpBaxhocr6Dbg5IBj20Zz-yp372_nZxjyNeT_BCPOexTuIkR1SW8cOTfb2NGoRNDPV2C_4Iahc-SeeOCggjQ%3D%3D?uid=1555067240&filename=10.%201171_DROPOUTS.pdf&disposition=attachment&hash=&limit=0&content_type=application%2Fpdf&owner_uid=1555067240&fsize=41879&hid=a3720c5479ce8fc6a6fa726af2bf22c7&media_type=document&tknv=v3&is_direct_zip_experiment=1&etag=f5b3664454cd720d67d0f6d57262495b
11. 1171_ No Report_BARDHAMAN SRI RAMAKRISHNA SARADAPITH UCHCHA VIDYALAYA.pdf,38.5KB,08 May 25,PDF,https://downloader.disk.yandex.ru/disk/2b6c87ee09dcfd68aa4bcede85bc3f38096b8f66d553974d3b05872ee6fcbfec/6a951fb1/hDhpBaxhocr6Dbg5IBj20R5qx-Vqa33wHxloXrVR_tS5fbmEXiM4PJDJYe58VpC3easSmjie5OtTYE4WyLXr4g%3D%3D?uid=1555067240&filename=11.%201171_%20No%20Report_BARDHAMAN%20SRI%20RAMAKRISHNA%20SARADAPITH%20UCHCHA%20VIDYALAYA.pdf&disposition=attachment&hash=&limit=0&content_type=application%2Fpdf&owner_uid=1555067240&fsize=39378&hid=e30f86284f384b9ef9fd0ebf68fb7f0e&media_type=document&tknv=v3&is_direct_zip_experiment=1&etag=ae4918d0e7e3b5fb6fe4489f54ac9bc2
12. HT Notice (June2025).jpg,330.8KB,09 Jun 25,JPEG,https://downloader.disk.yandex.ru/disk/698ae9cf666b5660313a03f0f3705cc73887e341f2ae6c218bd6503ed8ed976a/6a951fb2/hDhpBaxhocr6Dbg5IBj20RUcKtMwbu39RqMjv8EEeI19NaXOrhUJd99bL5BIVoB7HIyFV_Z2bZZMS3nIaPNX9w%3D%3D?uid=1555067240&filename=12.%20HT%20Notice%20%28June2025%29.jpg&disposition=attachment&hash=&limit=0&content_type=image%2Fjpeg&owner_uid=1555067240&fsize=338744&hid=5fbb08ac8f9e5fdf3faf96689a4bbff9&media_type=image&tknv=v3&is_direct_zip_experiment=1&etag=68e8c1f04779002be79da183aee4428f
13. Documents Submit&Signature_HT2025 (June).pdf,52.2KB,10 Jun 25,PDF,https://downloader.disk.yandex.ru/disk/deb81ce3873b2bfa44f896383099ec578da54683a249f68c61baf3577de20414/6a951fb3/hDhpBaxhocr6Dbg5IBj20cn0DFgELp2AiyKlC8bmL38zFWZaVsSHabgcfvhAs2SszY3stBzqFQV6Yrr9aLa52w%3D%3D?uid=1555067240&filename=13.%20Documents%20Submit%26Signature_HT2025%20%28June%29.pdf&disposition=attachment&hash=&limit=0&content_type=application%2Fpdf&owner_uid=1555067240&fsize=53426&hid=cdd0169f99dae11dfcdc3be7a10a3384&media_type=document&tknv=v3&is_direct_zip_experiment=1&etag=0b3a691c6089fd3388af3e2c27412ce8
14. List B.ed Teachers.pdf,290.3KB,23 Jun 25,PDF,https://downloader.disk.yandex.ru/disk/b488110dec6427021d8617efbfb7e74cb08dce4e9440b574229cfe32df5a4d16/6a951fb4/hDhpBaxhocr6Dbg5IBj20TfVdqBKNfV38EpM4m9xzhQGXFigaGQRGqzrKpuNM4kq593iPjHCoynIncWN3eZR6Q%3D%3D?uid=1555067240&filename=14.%20List%20B.ed%20Teachers.pdf&disposition=attachment&hash=&limit=0&content_type=application%2Fpdf&owner_uid=1555067240&fsize=297293&hid=9080e0835e2baa4c485e56ee2ed92a22&media_type=document&tknv=v3&is_direct_zip_experiment=1&etag=fe7f1f0a599eea9fdd1ee0c8d939be03
15. Checking HT Applicant 2025(June).pdf,61.3KB,23 Jun 25,PDF,https://downloader.disk.yandex.ru/disk/844fa5f8fdc55978290467e0ab680e4e4cf22085ace990c73a49d7eada8ba051/6a951fb5/hDhpBaxhocr6Dbg5IBj20W4zaIYfzaSJreSEcjDq7BBzQZQkI8FXD-xxQ5HxeFf0r4fL0n7GZTwhhGQ2FpsY4Q%3D%3D?uid=1555067240&filename=15.%20Checking%20HT%20Applicant%202025%28June%29.pdf&disposition=attachment&hash=&limit=0&content_type=application%2Fpdf&owner_uid=1555067240&fsize=62783&hid=1945651b957efa1ec0b1f376ac06c321&media_type=document&tknv=v3&is_direct_zip_experiment=1&etag=e637a8e789cd39d206d756f5378048a5
16. Controller Sheet_BLO.pdf,83.3KB,25 Jun 25,PDF,https://downloader.disk.yandex.ru/disk/4317e8f31a4396a2c86ba8b249b8b3cdb509183cd79adcef5b90be1ff1036327/6a951fb6/hDhpBaxhocr6Dbg5IBj20T5o-SGmkJB7_A1RC_h9Pl01BM255jbzEezUFOJO0nXHNNu8aRHcgQ7IDWvTo3YRZw%3D%3D?uid=1555067240&filename=16.%20Controller%20Sheet_BLO.pdf&disposition=attachment&hash=&limit=0&content_type=application%2Fpdf&owner_uid=1555067240&fsize=85275&hid=0721d83ddac851ce3237f4ec25b84187&media_type=document&tknv=v3&is_direct_zip_experiment=1&etag=6ef7564bfd91880afb4119df896888a8
17. HT (June2025)+Panel.pdf,466.1KB,29 Jun 25,PDF,https://downloader.disk.yandex.ru/disk/cbabbf2c360ed71426f641a4d9f6f178ffd4d5cae2d625c4d20c074141e7644d/6a951fb7/hDhpBaxhocr6Dbg5IBj20VmzZQ7-pdnqo8JDVaFSE59VOjOdhXeDKnSjzNcpAwvisVFqy-jc04b67fyAeo5clA%3D%3D?uid=1555067240&filename=17.%20HT%20%28June2025%29%2BPanel.pdf&disposition=attachment&hash=&limit=0&content_type=application%2Fpdf&owner_uid=1555067240&fsize=477258&hid=319e8a9069d79ed3b866082cea87d85d&media_type=document&tknv=v3&is_direct_zip_experiment=1&etag=23257d82142cdd1daf77ea31951836c1
18. Pension Documents Check List.pdf,17.7KB,29 Aug 25,PDF,https://downloader.disk.yandex.ru/disk/727fb198c27cc2172698851a68876f9ddf1b92a311181496ecee4f8095cbf238/6a951fb8/hDhpBaxhocr6Dbg5IBj20Y4Zje-toUwiHKMSnXABrFuw2iMRtR6eiru96OB6_2mPyNmCSnCc06OnLFBJUIuOJA%3D%3D?uid=1555067240&filename=18.%20Pension%20Documents%20Check%20List.pdf&disposition=attachment&hash=&limit=0&content_type=application%2Fpdf&owner_uid=1555067240&fsize=18121&hid=56fd0953df1458758b2a0164aeba38d6&media_type=document&tknv=v3&is_direct_zip_experiment=1&etag=14b6726ed99f118b946485c7f4f63aa3
19. HT 2025 COUNSELLING NOTICE.pdf,358.4KB,08 Jul 25,PDF,https://downloader.disk.yandex.ru/disk/09fa1120c14f270ea358fc35ff963e680c0024d625fbef398d62601cc2c35488/6a951fb9/hDhpBaxhocr6Dbg5IBj20fZbwKacYdOga0mbJ2_yVdjMWlM-qtVrxEOZPEN-DE_JjZuOY2Xt96tx-ZPllcJBbw%3D%3D?uid=1555067240&filename=19.%20HT%202025%20COUNSELLING%20NOTICE.pdf&disposition=attachment&hash=&limit=0&content_type=application%2Fpdf&owner_uid=1555067240&fsize=366999&hid=57e16b683ed9638348d9924943286f82&media_type=document&tknv=v3&is_direct_zip_experiment=1&etag=cf51da04b59422db4c9c01550ef2663f
2.Head Teacher Promotion Notice 2025.pdf,807.8KB,22 Apr 25,PDF,https://downloader.disk.yandex.ru/disk/3db6115e628c178d1cdab9c0bb9f8b7c386dc6a07eba98abb3d6b24b95ab3576/6a951fba/hDhpBaxhocr6Dbg5IBj20WjCn_d3wJjhXaDKcWgfj23AYhvEMo3YDdcKRItRZctbrWMcDKNC2_sbIoAg6a0cDw%3D%3D?uid=1555067240&filename=2.Head%20Teacher%20Promotion%20Notice%202025.pdf&disposition=attachment&hash=&limit=0&content_type=application%2Fpdf&owner_uid=1555067240&fsize=827190&hid=aacd037fd77899e4071fddbbc9a18677&media_type=document&tknv=v3&is_direct_zip_experiment=1&etag=f4de3cb832a8e2d53571201e4889da72
20. HT Misclassification.pdf,365.0KB,09 Jul 25,PDF,https://downloader.disk.yandex.ru/disk/82081010a220756ef3a0dbc6d0d523f0ce73054f6e22df13e595af27dfa4210a/6a951fba/hDhpBaxhocr6Dbg5IBj20d1gVZue2_CIg7t7wwUUc97G-m_J3hWAs_0nwYMqzjLQ_-kUlAaSTxkZy852ymI7Aw%3D%3D?uid=1555067240&filename=20.%20HT%20Misclassification.pdf&disposition=attachment&hash=&limit=0&content_type=application%2Fpdf&owner_uid=1555067240&fsize=373761&hid=f0bb43149d0f252e6893b90c2de1a104&media_type=document&tknv=v3&is_direct_zip_experiment=1&etag=f0307226932483f29e1a38e68c94c12e
21. Palash Chowdhury_Appraisal.pdf,833.7KB,13 Jul 25,PDF,https://downloader.disk.yandex.ru/disk/53eaa2ee4938264c1072513a676c698ca081345f43ed4cf6844686eccc9edd32/6a951fbb/hDhpBaxhocr6Dbg5IBj20dLC-TszA7B0F21PA8d24hVwAg_i71A7QWdFGq6Zu5yHfgvuRF-EJ6mmwlOxIKckXw%3D%3D?uid=1555067240&filename=21.%20Palash%20Chowdhury_Appraisal.pdf&disposition=attachment&hash=&limit=0&content_type=application%2Fpdf&owner_uid=1555067240&fsize=853663&hid=2ad12716bba43d5be694afcd23c8490c&media_type=document&tknv=v3&is_direct_zip_experiment=1&etag=bf71ef1d7ae808fbcd95af0a8f2a0011
22. Pay Fixation 2025.pdf,454.2KB,16 Jul 25,PDF,https://downloader.disk.yandex.ru/disk/28cf5e83989b1351dce2c56177c85e1c9bdb38d486a529fadb41526fb6ce7a37/6a951fbc/hDhpBaxhocr6Dbg5IBj20RYl2gWuZ-wqILiSdISWEo_TLc7BRKhkXv1Ly_Fe4of-Is64BNqPImchdB9Ou7SaVA%3D%3D?uid=1555067240&filename=22.%20Pay%20Fixation%202025.pdf&disposition=attachment&hash=&limit=0&content_type=application%2Fpdf&owner_uid=1555067240&fsize=465068&hid=6a4aa6449c7179da141f63b7e11b40bf&media_type=document&tknv=v3&is_direct_zip_experiment=1&etag=ae0dfdce4c2498ce35378cf059c7605e
23. Dpsc Report | SUNANDA DAS.pdf,558.1KB,18 Jul 25,PDF,https://downloader.disk.yandex.ru/disk/f1f3590b9bc3cfb60b8bf4dad9305f349db9c371106686ddb1718e3e6c7b5c14/6a951fbd/hDhpBaxhocr6Dbg5IBj20aB2AnZLbffVWeaJu_MOgxwIgY-l5exyuMX3iDJ1JCPi4YWNY6ylT6dgUcMHvzoTRw%3D%3D?uid=1555067240&filename=23.%20Dpsc%20Report%20%7C%20SUNANDA%20DAS.pdf&disposition=attachment&hash=&limit=0&content_type=application%2Fpdf&owner_uid=1555067240&fsize=571518&hid=1728a0fab292a083e80555b1d1d25562&media_type=document&tknv=v3&is_direct_zip_experiment=1&etag=67c4a2ccb4d6b428ff5ac171b88a089d
24. Shoe Requisition.pdf,33.7KB,21 Jul 25,PDF,https://downloader.disk.yandex.ru/disk/0f6dde8c8d18e1a23e2a9ef2079f05e8334846d5f15d86bfb4dff475094bafbb/6a951fbe/hDhpBaxhocr6Dbg5IBj20cRGWfyUxaxzny936TyO0rEn0YcytshVIFSTpYHPxlBiz2b2a4XJf6RYtXaoNWy4Zg%3D%3D?uid=1555067240&filename=24.%20Shoe%20Requisition.pdf&disposition=attachment&hash=&limit=0&content_type=application%2Fpdf&owner_uid=1555067240&fsize=34521&hid=6695f81a58ccc3c1e5d3918d6c3c8e4a&media_type=document&tknv=v3&is_direct_zip_experiment=1&etag=2e8583782e6c4503fe1309f9748f5781
25. NETAJEE HINDI F.P. SCHOOL_ Enrol till 23JULY25.pdf,41.9KB,23 Jul 25,PDF,https://downloader.disk.yandex.ru/disk/7db1009904372d99fa8d2cc23477d9ba9cf22df82b9505e868443003b57d962a/6a951fbf/hDhpBaxhocr6Dbg5IBj20bsvfxpVbMjsByq4UnJvKJLxAmrIbijjX02kBMqj7YomaEHkMc4AIW0UqRJaWtnLzQ%3D%3D?uid=1555067240&filename=25.%20NETAJEE%20HINDI%20F.P.%20SCHOOL_%20Enrol%20till%2023JULY25.pdf&disposition=attachment&hash=&limit=0&content_type=application%2Fpdf&owner_uid=1555067240&fsize=42887&hid=df5ba957b48f974c1402f31debef473c&media_type=document&tknv=v3&is_direct_zip_experiment=1&etag=175b5df923bdeabbdde0c999a83aff3b
26. Mamta Kumari_Neetaji FP School.pdf,292.5KB,29 Jul 25,PDF,https://downloader.disk.yandex.ru/disk/a91d064c11f2cd9cd7ffaf4f9ae888a9d027a8d838300a95830d6e013a9f65bc/6a951fc0/hDhpBaxhocr6Dbg5IBj20fIuK3f7t5dsaRjopYJcN5zoUDDAI7_zHw30Dyd45L-1cTarFDyXpuUDBOKFdKCUIw%3D%3D?uid=1555067240&filename=26.%20Mamta%20Kumari_Neetaji%20FP%20School.pdf&disposition=attachment&hash=&limit=0&content_type=application%2Fpdf&owner_uid=1555067240&fsize=299489&hid=5c726a0afc8087c0234bbfdd6943717f&media_type=document&tknv=v3&is_direct_zip_experiment=1&etag=da54ba3d7dab43d8543948c1d76e3f1f
27.Prerequisite(HT).pdf,242.8KB,10 Aug 25,PDF,https://downloader.disk.yandex.ru/disk/3a79e7e70d0a057ca96b620fbe427149e3d1ab33bf8f651cb6ce18afa25b9baf/6a951fc1/hDhpBaxhocr6Dbg5IBj20SgA8eIJ105uFBG1C5P9jj5G4-oQBpjza0uJcz3vJoVBC6T8k2eeBfY4-wZ0IOcwyw%3D%3D?uid=1555067240&filename=27.Prerequisite%28HT%29.pdf&disposition=attachment&hash=&limit=0&content_type=application%2Fpdf&owner_uid=1555067240&fsize=248641&hid=e82e86331910e1653a2e41b29f126bf6&media_type=document&tknv=v3&is_direct_zip_experiment=1&etag=96aa8b28a73fba55b272e6c85c35ceb8
28. HT 2025 COUNSELLING PREFERENCE.pdf,289.5KB,11 Aug 25,PDF,https://downloader.disk.yandex.ru/disk/9f7f415632b48fce0f007cc302cdd14737cb61b66478a4f8651ee4b684dc56ad/6a951fc2/hDhpBaxhocr6Dbg5IBj20T4hDwtE-tm80jEvG7qZrKzk83qrJ_B99R4EMCBZQgTycV4AdEbuw9yOMQaZuhotQQ%3D%3D?uid=1555067240&filename=28.%20HT%202025%20COUNSELLING%20PREFERENCE.pdf&disposition=attachment&hash=&limit=0&content_type=application%2Fpdf&owner_uid=1555067240&fsize=296412&hid=6807f215e099343741cbc4195ad0dc43&media_type=document&tknv=v3&is_direct_zip_experiment=1&etag=ba8ceaacfe61cf11d0fa425c3e5cba55
29. Academic Excellency SDO.pdf,541.8KB,17 Aug 25,PDF,https://downloader.disk.yandex.ru/disk/b6ec22acfb1beb7bea35fe1aaa695f2fa5df1d70b2eb59a381fdc8ed39309831/6a951fc2/hDhpBaxhocr6Dbg5IBj20fYkFNy7y5HwIhgMMxxYZxVf264a2esKX5vIXDxK0ATTdtzm2ZodYOUr7ClAiNpWIA%3D%3D?uid=1555067240&filename=29.%20Academic%20Excellency%20SDO.pdf&disposition=attachment&hash=&limit=0&content_type=application%2Fpdf&owner_uid=1555067240&fsize=554798&hid=8d246618cbb77b5131a8bf7b70f7493a&media_type=document&tknv=v3&is_direct_zip_experiment=1&etag=f57adf4447f96d3644f3eee7efba1725
3.Documents Submit&Signature_HT2025.pdf,52.8KB,22 Apr 25,PDF,https://downloader.disk.yandex.ru/disk/391b5b43166f10354f54b8653405d6fea8b25436a5e2906a4a5a01b6bf88d133/6a951fc3/hDhpBaxhocr6Dbg5IBj20RU-RYhBnzLZYtomxVtd5CohrG6zR8YIR7iGNYL_R4Wpgtd6e9idsAjdElbOaQG01Q%3D%3D?uid=1555067240&filename=3.Documents%20Submit%26Signature_HT2025.pdf&disposition=attachment&hash=&limit=0&content_type=application%2Fpdf&owner_uid=1555067240&fsize=54107&hid=213fa2aa2d95b04028f22b27d7beae23&media_type=document&tknv=v3&is_direct_zip_experiment=1&etag=5415c6b08a9355c12bf18733a8120326
30. HT_Release Order & Joining Report.pdf,145.4KB,17 Aug 25,PDF,https://downloader.disk.yandex.ru/disk/f8f799cd64912f3999798dac2d642a804bd176ba56cb1b414aafeeb9cd00ac9a/6a951fc4/hDhpBaxhocr6Dbg5IBj20QRhufkKQLlbVHOQV6mJaMnhzr-ykeQ6vZ6YMClfnSn2H9zlx-ZY0Lf26_AWkkNdnw%3D%3D?uid=1555067240&filename=30.%20HT_Release%20Order%20%26%20Joining%20Report.pdf&disposition=attachment&hash=&limit=0&content_type=application%2Fpdf&owner_uid=1555067240&fsize=148886&hid=358d069c2228f4d5182b6fa7d1da419a&media_type=document&tknv=v3&is_direct_zip_experiment=1&etag=2ba5aaa0527b20963e549b89a17d55b1
31. Mamta Kumari to DPSC.pdf,295.2KB,24 Aug 25,PDF,https://downloader.disk.yandex.ru/disk/455977576c6a8c2f848c4de32280f84eb2349eea7f98157e210cabd7e7229501/6a951fc5/hDhpBaxhocr6Dbg5IBj20bgDio3u2-3BbDXZrXTNfhIlkCF2S84pR-e6kvCLE_s7TbuAi5fXlNNj6cn_JmLJaQ%3D%3D?uid=1555067240&filename=31.%20Mamta%20Kumari%20to%20DPSC.pdf&disposition=attachment&hash=&limit=0&content_type=application%2Fpdf&owner_uid=1555067240&fsize=302237&hid=613e7bf096f181dd5fc68cec2ce0735d&media_type=document&tknv=v3&is_direct_zip_experiment=1&etag=aa65064009c5ac61eed4aae53e412a66
32. School Inspection Presentation _ Sadar Urban - I.pdf,158.0KB,13 Oct 25,PDF,https://downloader.disk.yandex.ru/disk/1bcff7b2c6db243445fa564a4856c3bcbe2d93e752e4b145ddf6c57dec1293f9/6a951fc6/hDhpBaxhocr6Dbg5IBj20fQkhjdvjD1JLK5RqCfx1visoGtJMBHHvNiQKD5ihZfxbu5jti3N3qMPPy3Y7reHpw%3D%3D?uid=1555067240&filename=32.%20School%20Inspection%20Presentation%20_%20Sadar%20Urban%20-%20I.pdf&disposition=attachment&hash=&limit=0&content_type=application%2Fpdf&owner_uid=1555067240&fsize=161757&hid=5da48fffc2bf02d9eb58933b3cbdfa85&media_type=document&tknv=v3&is_direct_zip_experiment=1&etag=ea347a4395c4b39253b0d58d76a60a8b
33. NTB.pdf,225.8KB,29 Oct 25,PDF,https://downloader.disk.yandex.ru/disk/710cc983ada24c935dfbcc17e495c3f11eb3eacf827b1e68b70b5681b1baa003/6a951fc7/hDhpBaxhocr6Dbg5IBj20U3KVckP6A8RrpGCl_z4vFNBQZORQMTp_glbKwk_DQR-tpXCSD56eFwVMH-kBmS7YQ%3D%3D?uid=1555067240&filename=33.%20NTB.pdf&disposition=attachment&hash=&limit=0&content_type=application%2Fpdf&owner_uid=1555067240&fsize=231177&hid=2abacf1050ebcbe64b3fe11fffcf2cfc&media_type=document&tknv=v3&is_direct_zip_experiment=1&etag=654cecacd4445e86a7739e0bcee41681
34. NTB_UTILIZATION CERTIFICATE.pdf,137.6KB,12 Nov 25,PDF,https://downloader.disk.yandex.ru/disk/358eeea694889d018dc1535b22bbe6fcb0642e9c82bdcffb1dd440deb21e2249/6a951fc8/hDhpBaxhocr6Dbg5IBj20RgNndjt_N7543l3QE4BL51aA1BkbyG8KXxnwI-H09ehuxkumv-ncozwewdKMDOBZw%3D%3D?uid=1555067240&filename=34.%20NTB_UTILIZATION%20CERTIFICATE.pdf&disposition=attachment&hash=&limit=0&content_type=application%2Fpdf&owner_uid=1555067240&fsize=140937&hid=b7b9a9f5ab8a1a0c4bbbf3425de321c8&media_type=document&tknv=v3&is_direct_zip_experiment=1&etag=e237d8f5b379d0fac9e8fecf3fdb70ef
35. PTR_CMS_INDRA_URABN JR BASIC.pdf,319.6KB,12 Nov 25,PDF,https://downloader.disk.yandex.ru/disk/e575d1495f75c4113155ae663f09f9bc37109edae9ad6f9b4e40be760a1e9914/6a951fc8/hDhpBaxhocr6Dbg5IBj20fQPAqteN_RmLnQGyZnBBDbu_CK9TYK5GtqlZUGcvuQ0QNqnaz4z-0JEfKPHsRp_oA%3D%3D?uid=1555067240&filename=35.%20PTR_CMS_INDRA_URABN%20JR%20BASIC.pdf&disposition=attachment&hash=&limit=0&content_type=application%2Fpdf&owner_uid=1555067240&fsize=327302&hid=f2cfdbe4822a755f53b094bb85c0bcd0&media_type=document&tknv=v3&is_direct_zip_experiment=1&etag=ea047eed592c9ecf87783bbd650297d0
36. PTR_4_SHARMA_SHASTRI_RAMASHISH_SHIB.pdf,318.4KB,26 Nov 25,PDF,https://downloader.disk.yandex.ru/disk/4994fcbbb0733aa8d08a13eb2c3a0f538512b7bf2f345e5c24b46dfb87cde473/6a951fc9/hDhpBaxhocr6Dbg5IBj20egJsQD27zr2HFUWdOG4EZH0aOWB1EMyJ8yvzWMoQHbMWE3tvdg-s-6vwxcAdYvu3g%3D%3D?uid=1555067240&filename=36.%20PTR_4_SHARMA_SHASTRI_RAMASHISH_SHIB.pdf&disposition=attachment&hash=&limit=0&content_type=application%2Fpdf&owner_uid=1555067240&fsize=326023&hid=aa5106f91f82f5994f46d0b2e8437db9&media_type=document&tknv=v3&is_direct_zip_experiment=1&etag=ce9d0d87b00487c0b4162672b4257c11
37. Sports Ground Booking.pdf,294.1KB,04 Dec 25,PDF,https://downloader.disk.yandex.ru/disk/7c6556c84792cdaa795745aa1efe7f195e5717098559a0aa6752f4a98d7fb223/6a951fca/hDhpBaxhocr6Dbg5IBj20c-I9AiNTlQI2zpM7swO0VTwkMMNeZsvydykVERV6KMjYMK6lgJ2ao5x7h4OyanoLw%3D%3D?uid=1555067240&filename=37.%20Sports%20Ground%20Booking.pdf&disposition=attachment&hash=&limit=0&content_type=application%2Fpdf&owner_uid=1555067240&fsize=301118&hid=415073a55b53f603e1a5a1c0d84ee40c&media_type=document&tknv=v3&is_direct_zip_experiment=1&etag=8e60ff2d3f212a74812eb491c2c03a26
38. Raionalisation_SU-I.pdf,47.2KB,09 Dec 25,PDF,https://downloader.disk.yandex.ru/disk/daba0ff2864dd73c1477e2f1a2b0c1bba5df9e05c31a3ddcb0bcdfe1ed64ed0c/6a951fcb/hDhpBaxhocr6Dbg5IBj20YA8Sf0s1aoCe5uZNqc-tod7iQVW3tPc2G7sgkVywGuugethhf3m-I7VBRUn2F_qog%3D%3D?uid=1555067240&filename=38.%20Raionalisation_SU-I.pdf&disposition=attachment&hash=&limit=0&content_type=application%2Fpdf&owner_uid=1555067240&fsize=48375&hid=6a42668d33190e5ff413e8a3ae815e1d&media_type=document&tknv=v3&is_direct_zip_experiment=1&etag=d1e6bbfe8afc3bb38ef650eac184342c
39. Sunanda Das Reminder.pdf,290.0KB,09 Dec 25,PDF,https://downloader.disk.yandex.ru/disk/12c7d745711ee1df89f67f7b77a351a1436a67b48398ab4242b5a0142ddf62f6/6a951fcc/hDhpBaxhocr6Dbg5IBj20QRGf0rcKCgzrtqb7Jbceqvgs0nCnStJ_2ygAGfAQBt4912tWCHneQm6Qm1HEf91xg%3D%3D?uid=1555067240&filename=39.%20Sunanda%20Das%20Reminder.pdf&disposition=attachment&hash=&limit=0&content_type=application%2Fpdf&owner_uid=1555067240&fsize=296950&hid=b57b837f613cc53fe8b6f18f5a2f4678&media_type=document&tknv=v3&is_direct_zip_experiment=1&etag=71602df4f89a796d72f74aa288dc748b
4.PTR_EASTERN-GOLGHAR-RLY MAHILA.pdf,302.2KB,22 Apr 25,PDF,https://downloader.disk.yandex.ru/disk/00d1e71d7723c1fcdb513a67c3bfc2bf2a650920ea9619065e8876ce3406408d/6a951fcd/hDhpBaxhocr6Dbg5IBj20QK_zldXsIM5B_BXVN1YEOEDadiTHfjcTQuXnsr7fjn0LiE7seB4jsbsuGujwFKm4g%3D%3D?uid=1555067240&filename=4.PTR_EASTERN-GOLGHAR-RLY%20MAHILA.pdf&disposition=attachment&hash=&limit=0&content_type=application%2Fpdf&owner_uid=1555067240&fsize=309480&hid=ac9d1cddaf4b19d9bee82a189c06c4f0&media_type=document&tknv=v3&is_direct_zip_experiment=1&etag=63ffd399a81a1b1b945e969217bc91ca
40. PTR_Harisava Primary.pdf,127.7KB,17 Dec 25,PDF,https://downloader.disk.yandex.ru/disk/0fa7704c8f6642b65349c49b838c5ea6be0954354b54952050f042e3035ec5f1/6a951fce/hDhpBaxhocr6Dbg5IBj20fcOuJgqrN_IRrt50AqurvrDKgRMZi3X6OQ5rHfv8J4tnulljOi1HEvky_xHYswCJA%3D%3D?uid=1555067240&filename=40.%20PTR_Harisava%20Primary.pdf&disposition=attachment&hash=&limit=0&content_type=application%2Fpdf&owner_uid=1555067240&fsize=130791&hid=e7b1b3ee5701b7101c1817640917ee1c&media_type=document&tknv=v3&is_direct_zip_experiment=1&etag=cff10f9802b3c44240e8c9843cd0cce3
41. Honarairum_MP_DEC2025_2036.pdf,543.4KB,17 Dec 25,PDF,https://downloader.disk.yandex.ru/disk/613684b722fdc74172d41ea944e67731efa70804cbeae94ce92723babc1a8551/6a951fcf/hDhpBaxhocr6Dbg5IBj20VShZpuUyeEHQ61osPg3d_xSV4FMScw_KVyHAE_-jopoTpiYJeaLjg1P1gaQCi7jiQ%3D%3D?uid=1555067240&filename=41.%20Honarairum_MP_DEC2025_2036.pdf&disposition=attachment&hash=&limit=0&content_type=application%2Fpdf&owner_uid=1555067240&fsize=556429&hid=888f8f9a0550cdfc85f234f2205203ef&media_type=document&tknv=v3&is_direct_zip_experiment=1&etag=4a1e009b63079a4b14471a7abff20dbd
42. Sports25_attendance.pdf,37.2KB,23 Dec 25,PDF,https://downloader.disk.yandex.ru/disk/a70d50095d67196f7a299681ebeb574233cd5ac30a550d7237d162ab021a970f/6a951fd0/hDhpBaxhocr6Dbg5IBj20Uxs3ozS1FQo84l5HH9eKjPNsEbjl5a3K1qII7XQgI8qtHoRFNo8NSFXxqu7wBFm7A%3D%3D?uid=1555067240&filename=42.%20Sports25_attendance.pdf&disposition=attachment&hash=&limit=0&content_type=application%2Fpdf&owner_uid=1555067240&fsize=38098&hid=dbeac20444c156285582ac0e24317385&media_type=document&tknv=v3&is_direct_zip_experiment=1&etag=7a65f945af1d926615779ac2d27a9c0a
43. Escort Teacher Sports.pdf,294.2KB,29 Dec 25,PDF,https://downloader.disk.yandex.ru/disk/8296acd1ddfef22e0686d8b9249af2dd1b678d2ed202524d21f09ecfea2c0ea3/6a951fd1/hDhpBaxhocr6Dbg5IBj20WcBkMoYi4XVy8P7jdbG1y75a-sAKt8zQWqLAoqjW7OPqAegCgtXk89_NZEHAP6udA%3D%3D?uid=1555067240&filename=43.%20Escort%20Teacher%20Sports.pdf&disposition=attachment&hash=&limit=0&content_type=application%2Fpdf&owner_uid=1555067240&fsize=301259&hid=c0d890d7a0fed1caaf56afcd8707dcdf&media_type=document&tknv=v3&is_direct_zip_experiment=1&etag=c0fe5be14c0686e370d8b4c69190c361
44. Sub-Division Annual Sports Meet 2025 SADAR URBAN I CLRC - Sheet1.pdf,110.6KB,29 Dec 25,PDF,https://downloader.disk.yandex.ru/disk/a086fde8628723a37d5a8a2a6d03c3b77d9f76b69899417078fff80607086251/6a951fd2/hDhpBaxhocr6Dbg5IBj20Ue0ttwjl7WQksbZWUr04am8k6brZnd9Qs4p5BAGwqqG9iegyP4cpdBXoTC7_bWlYA%3D%3D?uid=1555067240&filename=44.%20Sub-Division%20Annual%20Sports%20Meet%202025%20SADAR%20URBAN%20I%20CLRC%20-%20Sheet1.pdf&disposition=attachment&hash=&limit=0&content_type=application%2Fpdf&owner_uid=1555067240&fsize=113231&hid=3a6a431f23e3a03d5b6259a9e6119938&media_type=document&tknv=v3&is_direct_zip_experiment=1&etag=18808c1b59c3ec7fd97312434b441db4
45. OOSC Sikha Bandhu Tagging.pdf,43.9KB,29 Dec 25,PDF,https://downloader.disk.yandex.ru/disk/d79b82de60cfbc7b7996fd6add2d96aada321d0bade7626b495fef5238bc19a8/6a951fd2/hDhpBaxhocr6Dbg5IBj20YyE9pTaQkhxqRN85nfbS5RVp_E0CLqka7I5MqrfGNWng8u94-VfTAxdb0IA1c_bSA%3D%3D?uid=1555067240&filename=45.%20OOSC%20Sikha%20Bandhu%20Tagging.pdf&disposition=attachment&hash=&limit=0&content_type=application%2Fpdf&owner_uid=1555067240&fsize=44933&hid=5bb29190786ca3b63e17ce78bb3e98be&media_type=document&tknv=v3&is_direct_zip_experiment=1&etag=d20b0404715d98a16341c0f84ac1e286
46. Asset as on 01Jan2026_protected.pdf,93.0KB,02 Jan 26,PDF,https://downloader.disk.yandex.ru/disk/ed62c2508a73e32e01e54c50754f490e08f0729b8fa68c0fe9270bcb3c22fa8b/6a951fd3/hDhpBaxhocr6Dbg5IBj20e-988Jxs6DYTOduF4AYELuIlcEisX1Scel4xxpmRBrZMUPTx-hi04iBaPjAkTYpkA%3D%3D?uid=1555067240&filename=46.%20Asset%20as%20on%2001Jan2026_protected.pdf&disposition=attachment&hash=&limit=0&content_type=application%2Fpdf&owner_uid=1555067240&fsize=95229&hid=e45dc163fc4a537bd20ff5340ed3c283&media_type=document&tknv=v3&is_direct_zip_experiment=1&etag=9e84ef10c957bea237a4610b177c4c9d
47. BLUE TABLET WIFS.pdf,26.0KB,08 Jan 26,PDF,https://downloader.disk.yandex.ru/disk/1f45d734b8884da41d97264056ce1427eae135301e33c49f44c176a76d211c2a/6a951fd4/hDhpBaxhocr6Dbg5IBj20aHV8pmlMHWKrF_JJadGeXYeWVA6i3Fpe97SXv4N7xn0Rk3uJJbmzuS2PFLaD9iAnw%3D%3D?uid=1555067240&filename=47.%20BLUE%20TABLET%20WIFS.pdf&disposition=attachment&hash=&limit=0&content_type=application%2Fpdf&owner_uid=1555067240&fsize=26657&hid=3daadb282dab1998422f65d53c33cfe1&media_type=document&tknv=v3&is_direct_zip_experiment=1&etag=37586e8a989ca0a75d3819d51586a42b
48. Full Schedule Competition.pdf,34.2KB,14 Jan 26,PDF,https://downloader.disk.yandex.ru/disk/31821f0778c7a761fc457b2d3e176ed0f4508b01bca9447aebb6803441cd6ffa/6a951fd5/hDhpBaxhocr6Dbg5IBj20ffPhLsmsbvMTwkYUWng2zSTvUf78KBsPBXnnBzggS1sfB8sx9UtSUKlXpzbruxPLg%3D%3D?uid=1555067240&filename=48.%20Full%20Schedule%20Competition.pdf&disposition=attachment&hash=&limit=0&content_type=application%2Fpdf&owner_uid=1555067240&fsize=34991&hid=20af6cb8c82c01247c0520c0922a18a5&media_type=document&tknv=v3&is_direct_zip_experiment=1&etag=7ece7a454ac59122695744795391a5e1
49. Asset Declarion LETTER FORMAT.pdf,47.3KB,14 Jan 26,PDF,https://downloader.disk.yandex.ru/disk/849f18d7f58e3c4b9186cc69b47aaa56fd6f3fe32c1fb70f923901ca9b599c52/6a951fd6/hDhpBaxhocr6Dbg5IBj20RkqAdx7-yjbm4w6nXz1vUzOYoQMsW2Wmh0EXQ9qUJIoOD36a53LYexHH8wFcdOmCw%3D%3D?uid=1555067240&filename=49.%20Asset%20Declarion%20LETTER%20FORMAT.pdf&disposition=attachment&hash=&limit=0&content_type=application%2Fpdf&owner_uid=1555067240&fsize=48439&hid=b86f153678cd8d4019f1aa0fc6dd590d&media_type=document&tknv=v3&is_direct_zip_experiment=1&etag=96df05dfe5453703aecadb942871ccec
5.IT Comparison Sheet _ SU-I.pdf,43.0KB,22 Apr 25,PDF,https://downloader.disk.yandex.ru/disk/073f65233de08204f55f568f946c71aafabfce19d96c4b05720b9addf0553959/6a951fd7/hDhpBaxhocr6Dbg5IBj20YOHeV6VkvoNnAcjRwaqI-w4Bozp721Jv9AGqcnqPhVHdH4assuRBOCgV641asaJuA%3D%3D?uid=1555067240&filename=5.IT%20Comparison%20Sheet%20_%20SU-I.pdf&disposition=attachment&hash=&limit=0&content_type=application%2Fpdf&owner_uid=1555067240&fsize=43991&hid=410148014a183f6088b9a44d567bb806&media_type=document&tknv=v3&is_direct_zip_experiment=1&etag=9d785669b198539d061824c5b0225211
50. DEO-ACTION-NO-MAPPING.pdf,67.4KB,16 Feb 26,PDF,https://downloader.disk.yandex.ru/disk/1ad92d4a419083386c4d23011c3d6919e74882693fa865537290e3a134fd3e30/6a951fd8/hDhpBaxhocr6Dbg5IBj20bFpVhujYZfCMCCchPx9Ix5fFkllPZVRzW-wYQQi_mNzuYyU5rdW8_iJzn7S_Fln_g%3D%3D?uid=1555067240&filename=50.%20DEO-ACTION-NO-MAPPING.pdf&disposition=attachment&hash=&limit=0&content_type=application%2Fpdf&owner_uid=1555067240&fsize=68979&hid=fea23b9a08e1bd194b178eb6220d4bbb&media_type=document&tknv=v3&is_direct_zip_experiment=1&etag=68350a9f1873ce80d5b1b3840b30c297
51. LOGICAL-PENDING TO PARK.pdf,70.4KB,16 Feb 26,PDF,https://downloader.disk.yandex.ru/disk/39893debfffa8a64bbb32e828831344c15dd9dd76f9f0295d28fb3824ada8f61/6a951fd9/hDhpBaxhocr6Dbg5IBj20VwwXwoh-acQxVp_5nMasUNwOf1Runx3dTlK93QZp-3Qad9O0_oeO0eIKbxfFl695A%3D%3D?uid=1555067240&filename=51.%20LOGICAL-PENDING%20TO%20PARK.pdf&disposition=attachment&hash=&limit=0&content_type=application%2Fpdf&owner_uid=1555067240&fsize=72044&hid=ebb531d87741579b855291ded4fb402b&media_type=document&tknv=v3&is_direct_zip_experiment=1&etag=1c8268a6e188e4cf205032a6d97ec4b2
52. MADHYAMIK_SCHOOL RECOGNISITION_CENTRE_C.pdf,26.0MB,06 Mar 26,PDF,https://downloader.disk.yandex.ru/disk/60b334103a346d9e152fea28113a93133a74dccb9aa1b4262da0a71ee509ab91/6a951fda/hDhpBaxhocr6Dbg5IBj20fn-JtndqZ8OL6GrjoVIoQp_gw_M8Hfeyb6XOq4_U3kby5KX6LtQVxCeaU6pgKbo3A%3D%3D?uid=1555067240&filename=52.%20MADHYAMIK_SCHOOL%20RECOGNISITION_CENTRE_C.pdf&disposition=attachment&hash=&limit=0&content_type=application%2Fpdf&owner_uid=1555067240&fsize=27291871&hid=5d05874fc148e263ea875d752d959e0c&media_type=document&tknv=v3&is_direct_zip_experiment=1&etag=55fe6ba8612de564df1e63cc26a5c72f
53. Madhyamik Claim.pdf,8.5MB,11 Mar 26,PDF,https://downloader.disk.yandex.ru/disk/83bbbe641aa34d689e279f7bbe696c3163831ae69f9e906efafe9f6069fbfda0/6a951fdb/hDhpBaxhocr6Dbg5IBj20cqZw_3ZCVlDcuEu0p7BwJYYY0XgeHGFu7iNuoS0olncyAECQFr2zB7Hti8G_uEaFA%3D%3D?uid=1555067240&filename=53.%20Madhyamik%20Claim.pdf&disposition=attachment&hash=&limit=0&content_type=application%2Fpdf&owner_uid=1555067240&fsize=8950625&hid=b237d153a7d343f4166c582e826bfd9c&media_type=document&tknv=v3&is_direct_zip_experiment=1&etag=1ddcb3688f06cf80d23d1bf4767a23f0
54. MCC.pdf,291.3KB,25 Mar 26,PDF,https://downloader.disk.yandex.ru/disk/509066ba5b0608022f9a12eb6af4eb39e8e238bce97096f97a230ceb06ceed6c/6a951fdc/hDhpBaxhocr6Dbg5IBj20aygFVb04qz8vVsCQilf892TY3qXQ1UkFbunih3c40b7d-WDCIFkvCa-B94wYFENtg%3D%3D?uid=1555067240&filename=54.%20MCC.pdf&disposition=attachment&hash=&limit=0&content_type=application%2Fpdf&owner_uid=1555067240&fsize=298273&hid=b14f31d3da2158ad16f34099b21d6464&media_type=document&tknv=v3&is_direct_zip_experiment=1&etag=1cdd048cde2a797dd02a56d782cd02ba
54. Polling Personnel_Sadar Urban-1.pdf,46.9KB,23 Mar 26,PDF,https://downloader.disk.yandex.ru/disk/63656713bdfbffc3568923d3355142d78a5c4449ca792c3f39c8d5b438eccd03/6a951fdd/hDhpBaxhocr6Dbg5IBj20aiIKOlh8ksHRQ3uEMemP9ng9uXc_ahgSeH9x2cLbfE-BxbRZbOJezJgEEzPwMIUnw%3D%3D?uid=1555067240&filename=54.%20Polling%20Personnel_Sadar%20Urban-1.pdf&disposition=attachment&hash=&limit=0&content_type=application%2Fpdf&owner_uid=1555067240&fsize=48066&hid=6dc3354aa51c31a8452538b25426c2aa&media_type=document&tknv=v3&is_direct_zip_experiment=1&etag=efcbbbcdc37673518fb725dd6e8df4a0
55. MDM Irregularities Report.pdf,328.1KB,30 Mar 26,PDF,https://downloader.disk.yandex.ru/disk/0d39201564a691c3e84215e0377f6d5eccfc70ce0e7be86e533d3e2519c18b4f/6a951fde/hDhpBaxhocr6Dbg5IBj20dRIYzliWw9pmZUyQ2PxKhvzOk8GCaWMLdiOeKtpTdKa0HKg2X3SULJxQD_F3lIccQ%3D%3D?uid=1555067240&filename=55.%20MDM%20Irregularities%20Report.pdf&disposition=attachment&hash=&limit=0&content_type=application%2Fpdf&owner_uid=1555067240&fsize=335963&hid=c8762eb1cd6f9e95c50917cd6e4d7e7c&media_type=document&tknv=v3&is_direct_zip_experiment=1&etag=6cbb68641dcc7685126a8373a0720d29
56. Polling Personnel1_Sadar Urban-1.pdf,43.4KB,30 Mar 26,PDF,https://downloader.disk.yandex.ru/disk/8018ed8ab2013ca12d622b792145d4fb8282d383080e4401eec5e74a26df1898/6a951fdf/hDhpBaxhocr6Dbg5IBj20ebIDY_CkR5yFRxToMKFMBro4uZgccv2WVIaIr7YkTUYhFmSTzQoKVResk3R2H32JA%3D%3D?uid=1555067240&filename=56.%20Polling%20Personnel1_Sadar%20Urban-1.pdf&disposition=attachment&hash=&limit=0&content_type=application%2Fpdf&owner_uid=1555067240&fsize=44455&hid=5109a4ea52a2943916ecdc105a3ec146&media_type=document&tknv=v3&is_direct_zip_experiment=1&etag=9b96599b3db131f7987c0a36a10f8981
57. Polling Personnel (Female)_2_Sadar Urban-1.pdf,41.0KB,30 Mar 26,PDF,https://downloader.disk.yandex.ru/disk/65d49d13ce9a7c2b1f4d56da4127acedd8feea73606158f47044d2036982251e/6a951fe0/hDhpBaxhocr6Dbg5IBj20Wqk37K5bM8cWJb-TnLtIJHFdMX1kiTCgSmxwZI2Z1YXdmyi7U4qKWCOT43K9iJCzg%3D%3D?uid=1555067240&filename=57.%20Polling%20Personnel%20%28Female%29_2_Sadar%20Urban-1.pdf&disposition=attachment&hash=&limit=0&content_type=application%2Fpdf&owner_uid=1555067240&fsize=41971&hid=047e561be3ada79907e2c4c0a68b62a1&media_type=document&tknv=v3&is_direct_zip_experiment=1&etag=4b2f559e7ca3201e6bc83b7eabc2f098
58. Compliance Report_PP Cell.pdf,292.3KB,01 Apr 26,PDF,https://downloader.disk.yandex.ru/disk/e3a281397fdb6962163d6f59d1f2b6dd25b384d50a52efb8abc85953eac6b5e7/6a951fe0/hDhpBaxhocr6Dbg5IBj20eTQLEfj58BgESaHsfJRO9PREDP1JKckW-QSZliB0BAjMUKPEdHms2NjRswdD-3Wjw%3D%3D?uid=1555067240&filename=58.%20Compliance%20Report_PP%20Cell.pdf&disposition=attachment&hash=&limit=0&content_type=application%2Fpdf&owner_uid=1555067240&fsize=299312&hid=85eb4692d3152c5f8a2bbd07c318882e&media_type=document&tknv=v3&is_direct_zip_experiment=1&etag=4ab79fc10ea1f0fada6b3ffcc9ac7f30
59. teachers having B.Ed qualification appointed before 11.08.23.pdf,52.0KB,08 Apr 26,PDF,https://downloader.disk.yandex.ru/disk/08d630b13664c5de174d09cbc7e75ef314cf6f581bb3eb4c248219037a3f7940/6a951fe1/hDhpBaxhocr6Dbg5IBj20drZCjx2-xWuh_uhHb99fkzju7g0PyTRzZGpHwkFcy3nb6NF2ABWdnMR27NV9vpguQ%3D%3D?uid=1555067240&filename=59.%20teachers%20having%20B.Ed%20qualification%20appointed%20before%2011.08.23.pdf&disposition=attachment&hash=&limit=0&content_type=application%2Fpdf&owner_uid=1555067240&fsize=53273&hid=e4210a5a3087869e93761099086e3f30&media_type=document&tknv=v3&is_direct_zip_experiment=1&etag=d37e3783edd836575767865246fe56a8
6. Presentation Script.pdf,57.0KB,25 Apr 25,PDF,https://downloader.disk.yandex.ru/disk/4b99e9ce6300f03dc0349f754ce5ad3ad8173e31c929deb0178c6a6c847b7262/6a951fe2/hDhpBaxhocr6Dbg5IBj20Tur-vJquep4JMdRxNuQgpFsMDBN6dQSoADxoYx2xMoKku86PU3dMKGnEz1KPLx6wQ%3D%3D?uid=1555067240&filename=6.%20Presentation%20Script.pdf&disposition=attachment&hash=&limit=0&content_type=application%2Fpdf&owner_uid=1555067240&fsize=58387&hid=147161732822a65ea415102e407cdee9&media_type=document&tknv=v3&is_direct_zip_experiment=1&etag=7cc0fe78fc1fa84a687c4759066de6fd
60. Employee Nature Rectification.pdf,299.8KB,08 Apr 26,PDF,https://downloader.disk.yandex.ru/disk/992e4393dce7af6b989c83eae8af8157e82a5933ad0f6a1b24dee09d63cf4ef2/6a951fe3/hDhpBaxhocr6Dbg5IBj20d1UFaCGJIAi0aQD7FfBdpBvKvr6qrYGYZabPlodGcYU0yTBO23YFr4zGmoawjYRbQ%3D%3D?uid=1555067240&filename=60.%20Employee%20Nature%20Rectification.pdf&disposition=attachment&hash=&limit=0&content_type=application%2Fpdf&owner_uid=1555067240&fsize=307008&hid=0e8e4fe16dea7f61e973cf9383130d38&media_type=document&tknv=v3&is_direct_zip_experiment=1&etag=7a4c66bd9d8d7419a4dfdc4b97aad8bf
61. BAG & SHOE VISIT REPORT.jpg,216.2KB,05 Jun 26,JPEG,https://downloader.disk.yandex.ru/disk/e8c6656f9103834f83bf0c5d13d0fffbdb4b6f26aee8b1fb31caa3b3b6162a01/6a951fe4/hDhpBaxhocr6Dbg5IBj20dU2dRCbrMzgWb0Giii79MdrKuFBivGbl4o3PMvEBcxh8U4t_5WxykbugoRPvlYQ7A%3D%3D?uid=1555067240&filename=61.%20BAG%20%26%20SHOE%20VISIT%20REPORT.jpg&disposition=attachment&hash=&limit=0&content_type=image%2Fjpeg&owner_uid=1555067240&fsize=221433&hid=8b71eeec69ff695b910ee917201bb087&media_type=image&tknv=v3&is_direct_zip_experiment=1&etag=b4c0b540b4e0216fc0a38c34f50758c4
62. Rationalisation_SADAR URBAN-I.pdf,65.0KB,15 Jun 26,PDF,https://downloader.disk.yandex.ru/disk/9215c57322070b806035b2c5115be872ac79630d5608526db7d8ae9cd8181632/6a951fe5/hDhpBaxhocr6Dbg5IBj20SDqQ45HShXCv6T72Q1LGaq42YsItMo-2wLailbfsA5ngEEAA7g88A7hPtk-qk-dFw%3D%3D?uid=1555067240&filename=62.%20Rationalisation_SADAR%20URBAN-I.pdf&disposition=attachment&hash=&limit=0&content_type=application%2Fpdf&owner_uid=1555067240&fsize=66528&hid=d5990229deeba40ac9bf61964f4a17f3&media_type=document&tknv=v3&is_direct_zip_experiment=1&etag=68c71d6efb0ae039b3a00e4425ed88af
63. LeaveApplicationReport_LEAVE_24-25.pdf,222.9KB,22 Jun 26,PDF,https://downloader.disk.yandex.ru/disk/e6e9b0f13a9cc9489efd344160f5297ce273e3a65b368c8bd9bb5f0d27e529a7/6a951fe6/hDhpBaxhocr6Dbg5IBj20SzZbity98r6A0Qzdxzi45z9RHoPynbQ1OielFQId0p8DGAqY8ViUzyfTqM6zRu-SA%3D%3D?uid=1555067240&filename=63.%20LeaveApplicationReport_LEAVE_24-25.pdf&disposition=attachment&hash=&limit=0&content_type=application%2Fpdf&owner_uid=1555067240&fsize=228224&hid=64906b849bb4743877885c1029d07c96&media_type=document&tknv=v3&is_direct_zip_experiment=1&etag=784ce838bf4c2be0c0cda6e2c5799bf3
64. Palash Chowdhury_Appraisal_2025-26.pdf,837.0KB,12 Jul 26,PDF,https://downloader.disk.yandex.ru/disk/d221f9e5198f12431d5eff069bdf8aca7cb1c2da9d0f45902153e2b74bfab710/6a951fe6/hDhpBaxhocr6Dbg5IBj20bnPYZCv5eogqt09156PEaP_De_Fwa8lzAy2djmOTjYt_aL9S8IzyOAYpEsHyW2CNA%3D%3D?uid=1555067240&filename=64.%20Palash%20Chowdhury_Appraisal_2025-26.pdf&disposition=attachment&hash=&limit=0&content_type=application%2Fpdf&owner_uid=1555067240&fsize=857101&hid=9867aecbd66bbc9dafb62adc3026584e&media_type=document&tknv=v3&is_direct_zip_experiment=1&etag=0f345443f270f4d7229b7c12a16bace1
65. Kisholoy Magazine2026_SU-I.pdf,46.4KB,22 Jul 26,PDF,https://downloader.disk.yandex.ru/disk/51036cf30ff264a0a2e0e0f4803e32fc4ead5fe4d89f793b13a9ad7a97af4654/6a951fe7/hDhpBaxhocr6Dbg5IBj20T6zd4xX3T5tkN1HLk2u8iu_k0w1EgWBzd0ZswZgvO-OSLC46i-HjgvrYj9dWVhJjQ%3D%3D?uid=1555067240&filename=65.%20Kisholoy%20Magazine2026_SU-I.pdf&disposition=attachment&hash=&limit=0&content_type=application%2Fpdf&owner_uid=1555067240&fsize=47489&hid=bc7b6f35f32b127fb11a59a9dfc3ba69&media_type=document&tknv=v3&is_direct_zip_experiment=1&etag=0db7574e5ef0e70ed0f6cf398e406db5
66. Response to DM_ Low Inspection Number.pdf,234.3KB,27 Jul 26,PDF,https://downloader.disk.yandex.ru/disk/6c6d6ee4a55bc78749603a83a9f5238b3c2e349e2b3ea325737aa13e424a09a9/6a951fe8/hDhpBaxhocr6Dbg5IBj20XP6AEpfJuwQYS7sdO_ZQlIwPORnIcvBxbjRkslLWeqmoPppA3AowwO7l9r8IQcTpw%3D%3D?uid=1555067240&filename=66.%20Response%20to%20DM_%20Low%20Inspection%20Number.pdf&disposition=attachment&hash=&limit=0&content_type=application%2Fpdf&owner_uid=1555067240&fsize=239915&hid=bd76f9a82df123bdb5c897ee71c16df3&media_type=document&tknv=v3&is_direct_zip_experiment=1&etag=22a6282194642eaeadd83f206521124a
67. SNA-Sparsh DDO login Creation_Treasury.pdf,235.8KB,29 Jul 26,PDF,https://downloader.disk.yandex.ru/disk/25fd790b4de93749f3ca1505d852910ba6fcecb8efbfa06900d7059faf36e790/6a951fe9/hDhpBaxhocr6Dbg5IBj20eIqDumpCvNJRQKAlSQh6x1JCs29XF2ls0_03EG9T7pL7kj7yB2Ni3Xb3kSRPqZ8HA%3D%3D?uid=1555067240&filename=67.%20SNA-Sparsh%20DDO%20login%20Creation_Treasury.pdf&disposition=attachment&hash=&limit=0&content_type=application%2Fpdf&owner_uid=1555067240&fsize=241462&hid=2b1c967d03729334aec06de994da297d&media_type=document&tknv=v3&is_direct_zip_experiment=1&etag=af70e251164d348bd4f36167c491e0fe
68. Release Order & Last Pay Certificate.pdf,416.1KB,30 Jul 26,PDF,https://downloader.disk.yandex.ru/disk/04ad6835ef4ac7de4a9285f9ad28964653e2369497f33a9921cd98cd45f6f3a0/6a951fea/hDhpBaxhocr6Dbg5IBj20e4-FdvbkGMzqygLJd4yOfoZMwRIg1ae3yqNm-mI2S3Q8XpuFyv1VAhmA5iIF4hD9w%3D%3D?uid=1555067240&filename=68.%20Release%20Order%20%26%20Last%20Pay%20Certificate.pdf&disposition=attachment&hash=&limit=0&content_type=application%2Fpdf&owner_uid=1555067240&fsize=426108&hid=a59e4d5c7c23c8c898f26f88cca9ece5&media_type=document&tknv=v3&is_direct_zip_experiment=1&etag=61541ee7ec76fc7a366ce0b2b6a36251
69. PTR_31.07_SADAR URBAN-I.pdf,57.8KB,03 Aug 26,PDF,https://downloader.disk.yandex.ru/disk/b10ad5e8712acd77e487ba35b81a08e83cfd9f17d27a2f7e118a075ea91eda1b/6a951feb/hDhpBaxhocr6Dbg5IBj20YR4PGR2UNw2KFo1dl67wsEnQKXyIhdvc55U9IBiYbiGZ5LwOOmzdCJVTVT68Kl3gg%3D%3D?uid=1555067240&filename=69.%20PTR_31.07_SADAR%20URBAN-I.pdf&disposition=attachment&hash=&limit=0&content_type=application%2Fpdf&owner_uid=1555067240&fsize=59235&hid=013fe137a8f483b3fea943e0cb3fec74&media_type=document&tknv=v3&is_direct_zip_experiment=1&etag=e1d5d5b6bbc5a50c51067be4332062a0
7. Template - School Inspection - SSM 2025 Final.pdf,141.3KB,29 Apr 25,PDF,https://downloader.disk.yandex.ru/disk/8b7caea8a94cff1b9b5ba5320dd6851280e1abef550f01388f00aa1f401f4242/6a951fec/hDhpBaxhocr6Dbg5IBj20VXvqVErDOLlRKoZq1-rx51heQQR7cOce0Eag5NYZ817lno2_xIxLx8RPDOjSV0pPA%3D%3D?uid=1555067240&filename=7.%20Template%20-%20School%20Inspection%20-%20SSM%202025%20Final.pdf&disposition=attachment&hash=&limit=0&content_type=application%2Fpdf&owner_uid=1555067240&fsize=144664&hid=2b129f5f936baaf81007c5f3a7ff8bb5&media_type=document&tknv=v3&is_direct_zip_experiment=1&etag=a3b68bb15d1ec4cddf13c8332c0c5bcb
70. Rationalization_Zero Enrollement Sadar Urban 1.pdf,56.4KB,03 Aug 26,PDF,https://downloader.disk.yandex.ru/disk/6cdcf2ace38c37c308a953b4c885567291f0f849b16955b1e793607147da5bf8/6a951fed/hDhpBaxhocr6Dbg5IBj20Vm6zcKsPSXtETUReCbgpyMJ_TaUF9laWXfngNG6zQuBeda3uBUqMEkcoz1a2IZOQw%3D%3D?uid=1555067240&filename=70.%20Rationalization_Zero%20Enrollement%20Sadar%20Urban%201.pdf&disposition=attachment&hash=&limit=0&content_type=application%2Fpdf&owner_uid=1555067240&fsize=57733&hid=c87df299e6eb508cce4cb4deccdb9cbe&media_type=document&tknv=v3&is_direct_zip_experiment=1&etag=c33beb9f5dd0e621cd6f4a2919b0385a
71. Rationalization_SADAR URBAN-I -Date 05aug.pdf,57.2KB,05 Aug 26,PDF,https://downloader.disk.yandex.ru/disk/5b3fd5f0555f7ae3ffed7c4be29bac6d76801d4ffbbed5b799e4020c2d44ed92/6a951fed/hDhpBaxhocr6Dbg5IBj20eoSCdJuKsDK5c8Ar5ODnlfuUblVHa36ekyJKR73RS9oA51qoV_stB6tPkW99U4EKA%3D%3D?uid=1555067240&filename=71.%20Rationalization_SADAR%20URBAN-I%20-Date%2005aug.pdf&disposition=attachment&hash=&limit=0&content_type=application%2Fpdf&owner_uid=1555067240&fsize=58556&hid=e4268bf405a50f3c9b9923d33a94102b&media_type=document&tknv=v3&is_direct_zip_experiment=1&etag=406c1b355bfbb59e10ac02d4facfa663
72. Recommendation Letter_NIEPA.pdf,107.1KB,05 Aug 26,PDF,https://downloader.disk.yandex.ru/disk/047f127e18f2221011be35aa15ae814c37bf292228e8a7dedd8656fc7ba3767b/6a951fee/hDhpBaxhocr6Dbg5IBj20TerpZ12qHnstsJuB_fb0GqmzdNjQOdRMIbaKjt2GS8skbZKzUUYUBBs7-7gRGnk6w%3D%3D?uid=1555067240&filename=72.%20Recommendation%20Letter_NIEPA.pdf&disposition=attachment&hash=&limit=0&content_type=application%2Fpdf&owner_uid=1555067240&fsize=109620&hid=7af857d90ce4b1476e8d927bdbb17107&media_type=document&tknv=v3&is_direct_zip_experiment=1&etag=324d5c9baa143c8d112be2347464c9af
73. NOC_CMS.pdf,229.2KB,10 Aug 26,PDF,https://downloader.disk.yandex.ru/disk/cf1ed3f583f166e1bfa967e2ec14fa2c36aa1412edd0a88812db37423afaa7ab/6a951fef/hDhpBaxhocr6Dbg5IBj20SMDi8MPMfAvqnmuG7HdPOXRQpxAHUyhIFnjYSB3P3gqOehK1ukTxchoJ0cjCUiKGg%3D%3D?uid=1555067240&filename=73.%20NOC_CMS.pdf&disposition=attachment&hash=&limit=0&content_type=application%2Fpdf&owner_uid=1555067240&fsize=234707&hid=afd122634ad14d1d42ed218640dfc906&media_type=document&tknv=v3&is_direct_zip_experiment=1&etag=116741ccd71c4fafae41b73b85164eed
74. PRIVATE SCHOOL NOC NOTICE SERVE.pdf,1.8MB,16 Aug 26,PDF,https://downloader.disk.yandex.ru/disk/a7ba66d3088acb6449658c034bd3bd28abe47e398ffcabdf74ac8cb8b4cfb79f/6a951ff1/hDhpBaxhocr6Dbg5IBj20UWVeKKW8moNTOBlYPvR8WxTLyDf-D03ZfI-ZrjCS010VJKOxqOgyfmJDRHvx4LCrw%3D%3D?uid=1555067240&filename=74.%20PRIVATE%20SCHOOL%20NOC%20NOTICE%20SERVE.pdf&disposition=attachment&hash=&limit=0&content_type=application%2Fpdf&owner_uid=1555067240&fsize=1932938&hid=52dcdd51e7630a3c0952611c4ce81b22&media_type=document&tknv=v3&is_direct_zip_experiment=1&etag=f25a3a6708580328a6cbc9f43b70efd1
75. Language Camp & Ganga Competition.pdf,66.5KB,18 Aug 26,PDF,https://downloader.disk.yandex.ru/disk/9b57563544efda87dc797e85bc9ddc44ba36acc66689c7fae99dc44c470316bf/6a951ff1/hDhpBaxhocr6Dbg5IBj20YH4c09dA1LoUpBPPZQAHZIxemS9P3zacpv6vsQAVaM8GZWmr-mlsq1CXppdNmWHnQ%3D%3D?uid=1555067240&filename=75.%20Language%20Camp%20%26%20Ganga%20Competition.pdf&disposition=attachment&hash=&limit=0&content_type=application%2Fpdf&owner_uid=1555067240&fsize=68108&hid=174ff9c43e417d7b5c6c82ddb28506ea&media_type=document&tknv=v3&is_direct_zip_experiment=1&etag=3c4d0c865d272be42314f6c9fb461ef5
76. NAMAMI-GANGA PARTICIPANT.pdf,49.1KB,22 Aug 26,PDF,https://downloader.disk.yandex.ru/disk/7f923daffc246f71674d06c3228cbae38316b1f1c336aecc5232851d044dc245/6a951ff2/hDhpBaxhocr6Dbg5IBj20badjw5NvRDAkTSMIr5oVq4jWFFt2GPviHbk_fZVhl8J8VX6I9Js6thBpWFCSDqRtg%3D%3D?uid=1555067240&filename=76.%20NAMAMI-GANGA%20PARTICIPANT.pdf&disposition=attachment&hash=&limit=0&content_type=application%2Fpdf&owner_uid=1555067240&fsize=50252&hid=9fc24e674b012cd5baf0b80b361fd33e&media_type=document&tknv=v3&is_direct_zip_experiment=1&etag=350be0d585e315b475e22d07f9ad0726
77. Academic Excellence Award_Fwd Letter.pdf,235.2KB,24 Aug 26,PDF,https://downloader.disk.yandex.ru/disk/5eb553804bba79a0e123d3727180c2e88fef8b6813dc518cc9f9322b68bc7a1a/6a951ff3/hDhpBaxhocr6Dbg5IBj20Qu71kCRFYFNLx0No6YYB00BWvpeFwp-K0FbtbuiTzEAXE3pwKnpI9_psJQL0NZ3qg%3D%3D?uid=1555067240&filename=77.%20Academic%20Excellence%20Award_Fwd%20Letter.pdf&disposition=attachment&hash=&limit=0&content_type=application%2Fpdf&owner_uid=1555067240&fsize=240893&hid=0c332d1c3887a97d9a041da1ade17b92&media_type=document&tknv=v3&is_direct_zip_experiment=1&etag=5aa6b9e9d7464d385dea84e71cd133cc
78. PRIMARY-ESSAY_COMPETITION.zip,11.5MB,25 Aug 26,ZIP,https://downloader.disk.yandex.ru/disk/a91e958b92a140fe324a7195fe14053ed453645dfc73c5551cd0b31e0866294c/6a951ff4/hDhpBaxhocr6Dbg5IBj20T2JoBJktdorNqL-4ilKPLyVIvmbY6DvsYwpUGdjfqFQfcVcFcnd0lMEj2XtTSAiBQ%3D%3D?uid=1555067240&filename=78.%20PRIMARY-ESSAY_COMPETITION.zip&disposition=attachment&hash=&limit=0&content_type=application%2Fzip&owner_uid=1555067240&fsize=12079238&hid=e25d3de6d7eb624113e3f484e926f3d4&media_type=compressed&tknv=v3&is_direct_zip_experiment=1&etag=cd3f4793a0b1e67b8d192d888196bebf
79. SEC-ESSAY_COMPETITION.zip,11.2MB,25 Aug 26,ZIP,https://downloader.disk.yandex.ru/disk/bd20a6f8213d968dead9aace186fcd468f9b951bec65dc39f1912b4b05e32686/6a951ff5/hDhpBaxhocr6Dbg5IBj20R-1eEkmgrB59_lBvuQsHVcPKEQG9-NDxJvYU4Wfww6U2KNJsI7N9pWEOG5cHswOUg%3D%3D?uid=1555067240&filename=79.%20SEC-ESSAY_COMPETITION.zip&disposition=attachment&hash=&limit=0&content_type=application%2Fzip&owner_uid=1555067240&fsize=11724884&hid=f41c25625bec732b304dcac7d1d59d70&media_type=compressed&tknv=v3&is_direct_zip_experiment=1&etag=e74eaef3a6ce2389e597104ef089552c
8. Drop_outs_OOSC .pdf,48.3KB,16 May 25,PDF,https://downloader.disk.yandex.ru/disk/a79499e2936eba33e8d400167b3ae7f88193abcf2c4c671c85339e13494618c0/6a951ff6/hDhpBaxhocr6Dbg5IBj20d3EJfUgAd5-DzBiTueb2yQoJDkUef_KQVS1FhRs_CWkAv30-Xc4WWthhzQfGeLDxA%3D%3D?uid=1555067240&filename=8.%20Drop_outs_OOSC%20.pdf&disposition=attachment&hash=&limit=0&content_type=application%2Fpdf&owner_uid=1555067240&fsize=49490&hid=35860a64a427a107eb19e3219da010c4&media_type=document&tknv=v3&is_direct_zip_experiment=1&etag=f880d5c34fa5543c17514a5cf07651ab
80. Minority _ Aikyasree Data.pdf,41.2KB,26 Aug 26,PDF,https://downloader.disk.yandex.ru/disk/790de1a82561c36a00109fe76fdfbe1a06423526316753ff38b397505d9e5503/6a951ff7/hDhpBaxhocr6Dbg5IBj20QdoTNaVTjOf2wIX1GzkahJEVoptj1P3QPTVcHC3_ssrVJhje92lyUuGGQMTjc7pNw%3D%3D?uid=1555067240&filename=80.%20Minority%20_%20Aikyasree%20Data.pdf&disposition=attachment&hash=&limit=0&content_type=application%2Fpdf&owner_uid=1555067240&fsize=42140&hid=7675e3e8d0d78dd823e5e5eb394dfa70&media_type=document&tknv=v3&is_direct_zip_experiment=1&etag=c1c9fc2fb8745af2d5b694ab85df8328
9. Presentation_Sadar Urban I.pdf,369.5KB,16 May 25,PDF,https://downloader.disk.yandex.ru/disk/40947eeaa6929c4474cd35b522af30fc247edd1fa5c627df28b16ee7b938c9d6/6a951ff8/hDhpBaxhocr6Dbg5IBj20Q52TyPlHt4xKvEj0dgU8M8UT7vh5zVGIB0ZVqKBSJVR8KBjfK14lVxsW50JZby87A%3D%3D?uid=1555067240&filename=9.%20Presentation_Sadar%20Urban%20I.pdf&disposition=attachment&hash=&limit=0&content_type=application%2Fpdf&owner_uid=1555067240&fsize=378323&hid=5a7e7416d593fe8859a4ad225b3ac494&media_type=document&tknv=v3&is_direct_zip_experiment=1&etag=9793943c3a25301446a1fbcf70c2cc4e
